Incident_Date,Incident_id,id,link
october-7-2023,ispt0019a,1,https://airwars.org/civilian-casualties/ispt0019a-october-7-2023/
october-7-2023,ispt0006,2,https://airwars.org/civilian-casualties/ispt0006-october-7-2023/
october-7-2023,ispt0002,3,https://airwars.org/civilian-casualties/ispt0002-october-7-2023/
october-7-2023,ispt0019,4,https://airwars.org/civilian-casualties/ispt0019-october-7-2023/
october-7-2023,ispt0004,5,https://airwars.org/civilian-casualties/ispt0004-october-7-2023/
october-7-2023,ispt0007,6,https://airwars.org/civilian-casualties/ispt0007-october-7-2023/
october-7-2023,ispt0008,7,https://airwars.org/civilian-casualties/ispt0008-october-7-2023/
october-7-2023,ispt0003,8,https://airwars.org/civilian-casualties/ispt0003-october-7-2023/
october-7-2023,ispt0010,9,https://airwars.org/civilian-casualties/ispt0010-october-7-2023/
october-7-2023,ispt0011,10,https://airwars.org/civilian-casualties/ispt0011-october-7-2023/
october-7-2023,ispt0017,11,https://airwars.org/civilian-casualties/ispt0017-october-7-2023/
october-7-2023,ispt0018,12,https://airwars.org/civilian-casualties/ispt0018-october-7-2023/
october-7-2023,ispt00013,13,https://airwars.org/civilian-casualties/ispt00013-october-7-2023/
october-7-2023,ispt0001,14,https://airwars.org/civilian-casualties/ispt0001-october-7-2023/
october-7-2023,ispt0005,15,https://airwars.org/civilian-casualties/ispt0005-october-7-2023/
october-7-2023,ispt00012,16,https://airwars.org/civilian-casualties/ispt00012-october-7-2023/
october-8-2023,ispt0032,17,https://airwars.org/civilian-casualties/ispt0032-october-8-2023/
october-8-2023,ispt0024,18,https://airwars.org/civilian-casualties/ispt0024-october-8-2023/
october-8-2023,ispt0020,19,https://airwars.org/civilian-casualties/ispt0020-october-8-2023/
october-8-2023,ispt0027,20,https://airwars.org/civilian-casualties/ispt0027-october-8-2023/
october-8-2023,ispt0022,21,https://airwars.org/civilian-casualties/ispt0022-october-8-2023/
october-8-2023,ispt0023,22,https://airwars.org/civilian-casualties/ispt0023-october-8-2023/
october-8-2023,ispt0025,23,https://airwars.org/civilian-casualties/ispt0025-october-8-2023/
october-8-2023,ispt0035,24,https://airwars.org/civilian-casualties/ispt0035-october-8-2023/
october-8-2023,ispt0028,25,https://airwars.org/civilian-casualties/ispt0028-october-8-2023/
october-8-2023,ispt0034,26,https://airwars.org/civilian-casualties/ispt0034-october-8-2023/
october-8-2023,ispt0036,27,https://airwars.org/civilian-casualties/ispt0036-october-8-2023/
october-8-2023,ispt0041,28,https://airwars.org/civilian-casualties/ispt0041-october-8-2023/
october-8-2023,ispt0026,29,https://airwars.org/civilian-casualties/ispt0026-october-8-2023/
october-8-2023,ispt0031,30,https://airwars.org/civilian-casualties/ispt0031-october-8-2023/
october-8-2023,ispt0029,31,https://airwars.org/civilian-casualties/ispt0029-october-8-2023/
october-9-2023,ispt0134c,32,https://airwars.org/civilian-casualties/ispt0134c-october-9-2023/
october-9-2023,ispt0073,33,https://airwars.org/civilian-casualties/ispt0073-october-9-2023/
october-9-2023,ispt0050,34,https://airwars.org/civilian-casualties/ispt0050-october-9-2023/
october-9-2023,ispt0074,35,https://airwars.org/civilian-casualties/ispt0074-october-9-2023/
october-9-2023,ispt0056,36,https://airwars.org/civilian-casualties/ispt0056-october-9-2023/
october-9-2023,ispt0057,37,https://airwars.org/civilian-casualties/ispt0057-october-9-2023/
october-9-2023,ispt0058,38,https://airwars.org/civilian-casualties/ispt0058-october-9-2023/
october-9-2023,ispt0059,39,https://airwars.org/civilian-casualties/ispt0059-october-9-2023/
october-9-2023,ispt0060,40,https://airwars.org/civilian-casualties/ispt0060-october-9-2023/
october-9-2023,ispt0062,41,https://airwars.org/civilian-casualties/ispt0062-october-9-2023/
october-9-2023,ispt0063,42,https://airwars.org/civilian-casualties/ispt0063-october-9-2023/
october-9-2023,ispt0065,43,https://airwars.org/civilian-casualties/ispt0065-october-9-2023/
october-9-2023,ispt0067,44,https://airwars.org/civilian-casualties/ispt0067-october-9-2023/
october-9-2023,ispt0046,45,https://airwars.org/civilian-casualties/ispt0046-october-9-2023/
october-9-2023,ispt0051,46,https://airwars.org/civilian-casualties/ispt0051-october-9-2023/
october-9-2023,ispt0053,47,https://airwars.org/civilian-casualties/ispt0053-october-9-2023/
october-9-2023,ispt0055,48,https://airwars.org/civilian-casualties/ispt0055-october-9-2023/
october-9-2023,ispt0042,49,https://airwars.org/civilian-casualties/ispt0042-october-9-2023/
october-9-2023,ispt0043,50,https://airwars.org/civilian-casualties/ispt0043-october-9-2023/
october-9-2023,ispt0075b,51,https://airwars.org/civilian-casualties/ispt0075b-october-9-2023/
october-9-2023,ispt0064,52,https://airwars.org/civilian-casualties/ispt0064-october-9-2023/
october-9-2023,ispt0054,53,https://airwars.org/civilian-casualties/ispt0054-october-9-2023/
october-9-2023,ispt0075,54,https://airwars.org/civilian-casualties/ispt0075-october-9-2023/
october-9-2023,ispt0049,55,https://airwars.org/civilian-casualties/ispt0049-october-9-2023/
october-9-2023,ispt0045,56,https://airwars.org/civilian-casualties/ispt0045-october-9-2023/
october-9-2023,ispt0044,57,https://airwars.org/civilian-casualties/ispt0044-october-9-2023/
october-9-2023,ispt0070,58,https://airwars.org/civilian-casualties/ispt0070-october-9-2023/
october-9-2023,ispt0097,59,https://airwars.org/civilian-casualties/ispt0097-october-9-2023/
october-9-2023,ispt0075a,60,https://airwars.org/civilian-casualties/ispt0075a-october-9-2023/
october-10-2023,ispt0107b,61,https://airwars.org/civilian-casualties/ispt0107b-october-10-2023/
october-10-2023,ispt0102f,62,https://airwars.org/civilian-casualties/ispt0102f-october-10-2023/
october-10-2023,ispt0102j,63,https://airwars.org/civilian-casualties/ispt0102j-october-10-2023/
october-10-2023,ispt0107c,64,https://airwars.org/civilian-casualties/ispt0107c-october-10-2023/
october-10-2023,ispt0102z,65,https://airwars.org/civilian-casualties/ispt0102z-october-10-2023/
october-10-2023,ispt0086,66,https://airwars.org/civilian-casualties/ispt0086-october-10-2023/
october-10-2023,ispt0089,67,https://airwars.org/civilian-casualties/ispt0089-october-10-2023/
october-10-2023,ispt0107,68,https://airwars.org/civilian-casualties/ispt0107-october-10-2023/
october-10-2023,ispt0102p,69,https://airwars.org/civilian-casualties/ispt0102p-october-10-2023/
october-10-2023,ispt0087,70,https://airwars.org/civilian-casualties/ispt0087-october-10-2023/
october-10-2023,ispt0088,71,https://airwars.org/civilian-casualties/ispt0088-october-10-2023/
october-10-2023,ispt0094,72,https://airwars.org/civilian-casualties/ispt0094-october-10-2023/
october-10-2023,ispt0095,73,https://airwars.org/civilian-casualties/ispt0095-october-10-2023/
october-10-2023,ispt0102c,74,https://airwars.org/civilian-casualties/ispt0102c-october-10-2023/
october-10-2023,ispt0093,75,https://airwars.org/civilian-casualties/ispt0093-october-10-2023/
october-10-2023,ispt0099,76,https://airwars.org/civilian-casualties/ispt0099-october-10-2023/
october-10-2023,ispt0102g,77,https://airwars.org/civilian-casualties/ispt0102g-october-10-2023/
october-10-2023,ispt0102l,78,https://airwars.org/civilian-casualties/ispt0102l-october-10-2023/
october-10-2023,ispt0102m,79,https://airwars.org/civilian-casualties/ispt0102m-october-10-2023/
october-10-2023,ispt0096,80,https://airwars.org/civilian-casualties/ispt0096-october-10-2023/
october-10-2023,ispt0102n,81,https://airwars.org/civilian-casualties/ispt0102n-october-10-2023/
october-10-2023,ispt0092,82,https://airwars.org/civilian-casualties/ispt0092-october-10-2023/
october-10-2023,ispt0081,83,https://airwars.org/civilian-casualties/ispt0081-october-10-2023/
october-10-2023,ispt0082,84,https://airwars.org/civilian-casualties/ispt0082-october-10-2023/
october-10-2023,ispt0116a,85,https://airwars.org/civilian-casualties/ispt0116a-october-10-2023/
october-10-2023,ispt0078,86,https://airwars.org/civilian-casualties/ispt0078-october-10-2023/
october-10-2023,ispt0077,87,https://airwars.org/civilian-casualties/ispt0077-october-10-2023/
october-10-2023,ispt0079,88,https://airwars.org/civilian-casualties/ispt0079-october-10-2023/
october-10-2023,ispt0080,89,https://airwars.org/civilian-casualties/ispt0080-october-10-2023/
october-10-2023,ispt0102k,90,https://airwars.org/civilian-casualties/ispt0102k-october-10-2023/
october-11-2023,ispt0134b,91,https://airwars.org/civilian-casualties/ispt0134b-october-11-2023/
october-11-2023,ispt0128,92,https://airwars.org/civilian-casualties/ispt0128-october-11-2023/
october-11-2023,ispt0131,93,https://airwars.org/civilian-casualties/ispt0131-october-11-2023/
october-11-2023,ispt0134,94,https://airwars.org/civilian-casualties/ispt0134-october-11-2023/
october-11-2023,ispt0134e,95,https://airwars.org/civilian-casualties/ispt0134e-october-11-2023/
october-11-2023,ispt0133,96,https://airwars.org/civilian-casualties/ispt0133-october-11-2023/
october-11-2023,ispt0121,97,https://airwars.org/civilian-casualties/ispt0121-october-11-2023/
october-11-2023,ispt0117,98,https://airwars.org/civilian-casualties/ispt0117-october-11-2023/
october-11-2023,ispt0118,99,https://airwars.org/civilian-casualties/ispt0118-october-11-2023/
october-11-2023,ispt0122,100,https://airwars.org/civilian-casualties/ispt0122-october-11-2023/
october-11-2023,ispt0124a,101,https://airwars.org/civilian-casualties/ispt0124a-october-11-2023/
october-11-2023,ispt0103,102,https://airwars.org/civilian-casualties/ispt0103-october-11-2023/
october-11-2023,ispt0104,103,https://airwars.org/civilian-casualties/ispt0104-october-11-2023/
october-11-2023,ispt0106,104,https://airwars.org/civilian-casualties/ispt0106-october-11-2023/
october-11-2023,ispt0108,105,https://airwars.org/civilian-casualties/ispt0108-october-11-2023/
october-11-2023,ispt0112,106,https://airwars.org/civilian-casualties/ispt0112-october-11-2023/
october-11-2023,ispt0116b,107,https://airwars.org/civilian-casualties/ispt0116b-october-11-2023/
october-11-2023,ispt0124,108,https://airwars.org/civilian-casualties/ispt0124-october-11-2023/
october-11-2023,ispt0110,109,https://airwars.org/civilian-casualties/ispt0110-october-11-2023/
october-11-2023,ispt0111,110,https://airwars.org/civilian-casualties/ispt0111-october-11-2023/
october-11-2023,ispt0115,111,https://airwars.org/civilian-casualties/ispt0115-october-11-2023/
october-11-2023,ispt0120,112,https://airwars.org/civilian-casualties/ispt0120-october-11-2023/
october-11-2023,ispt0134f,113,https://airwars.org/civilian-casualties/ispt0134f-october-11-2023/
october-11-2023,ispt0126,114,https://airwars.org/civilian-casualties/ispt0126-october-11-2023/
october-11-2023,ispt0102a,115,https://airwars.org/civilian-casualties/ispt0102a-october-11-2023/
october-11-2023,ispt0102b,116,https://airwars.org/civilian-casualties/ispt0102b-october-11-2023/
october-12-2023,ispt0145,117,https://airwars.org/civilian-casualties/ispt0145-october-12-2023/
october-12-2023,ispt0157,118,https://airwars.org/civilian-casualties/ispt0157-october-12-2023/
october-12-2023,ispt0173a,119,https://airwars.org/civilian-casualties/ispt0173a-october-12-2023/
october-12-2023,ispt0145a,120,https://airwars.org/civilian-casualties/ispt0145a-october-12-2023/
october-12-2023,ispt0135,121,https://airwars.org/civilian-casualties/ispt0135-october-12-2023/
october-12-2023,ispt0165,122,https://airwars.org/civilian-casualties/ispt0165-october-12-2023/
october-12-2023,ispt0166,123,https://airwars.org/civilian-casualties/ispt0166-october-12-2023/
october-12-2023,ispt0146,124,https://airwars.org/civilian-casualties/ispt0146-october-12-2023/
october-12-2023,ispt0168,125,https://airwars.org/civilian-casualties/ispt0168-october-12-2023/
october-12-2023,ispt0147,126,https://airwars.org/civilian-casualties/ispt0147-october-12-2023/
october-12-2023,ispt0156,127,https://airwars.org/civilian-casualties/ispt0156-october-12-2023/
october-12-2023,ispt0137,128,https://airwars.org/civilian-casualties/ispt0137-october-12-2023/
october-12-2023,ispt0138,129,https://airwars.org/civilian-casualties/ispt0138-october-12-2023/
october-12-2023,ispt0158,130,https://airwars.org/civilian-casualties/ispt0158-october-12-2023/
october-12-2023,ispt0140,131,https://airwars.org/civilian-casualties/ispt0140-october-12-2023/
october-12-2023,ispt0159,132,https://airwars.org/civilian-casualties/ispt0159-october-12-2023/
october-12-2023,ispt0141,133,https://airwars.org/civilian-casualties/ispt0141-october-12-2023/
october-12-2023,ispt0161,134,https://airwars.org/civilian-casualties/ispt0161-october-12-2023/
october-12-2023,ispt0142,135,https://airwars.org/civilian-casualties/ispt0142-october-12-2023/
october-12-2023,ispt0162,136,https://airwars.org/civilian-casualties/ispt0162-october-12-2023/
october-12-2023,ispt0153,137,https://airwars.org/civilian-casualties/ispt0153-october-12-2023/
october-12-2023,ispt0163,138,https://airwars.org/civilian-casualties/ispt0163-october-12-2023/
october-12-2023,ispt0148,139,https://airwars.org/civilian-casualties/ispt0148-october-12-2023/
october-12-2023,ispt0149,140,https://airwars.org/civilian-casualties/ispt0149-october-12-2023/
october-12-2023,ispt0173,141,https://airwars.org/civilian-casualties/ispt0173-october-12-2023/
october-12-2023,ispt0144,142,https://airwars.org/civilian-casualties/ispt0144-october-12-2023/
october-12-2023,ispt0154,143,https://airwars.org/civilian-casualties/ispt0154-october-12-2023/
october-12-2023,ispt0109,144,https://airwars.org/civilian-casualties/ispt0109-october-12-2023/
october-12-2023,ispt0155,145,https://airwars.org/civilian-casualties/ispt0155-october-12-2023/
october-12-2023,ispt0136,146,https://airwars.org/civilian-casualties/ispt0136-october-12-2023/
october-13-2023,ispt0178,147,https://airwars.org/civilian-casualties/ispt0178-october-13-2023/
october-13-2023,ispt0145k,148,https://airwars.org/civilian-casualties/ispt0145k-october-13-2023/
october-13-2023,ispt0145l,149,https://airwars.org/civilian-casualties/ispt0145l-october-13-2023/
october-13-2023,ispt0187i,150,https://airwars.org/civilian-casualties/ispt0187i-october-13-2023/
october-13-2023,ispt0187ga,151,https://airwars.org/civilian-casualties/ispt0187ga-october-13-2023/
october-13-2023,ispt0187gb,152,https://airwars.org/civilian-casualties/ispt0187gb-october-13-2023/
october-13-2023,ispt0177,153,https://airwars.org/civilian-casualties/ispt0177-october-13-2023/
october-13-2023,ispt0177a,154,https://airwars.org/civilian-casualties/ispt0177a-october-13-2023/
october-13-2023,ispt0187c,155,https://airwars.org/civilian-casualties/ispt0187c-october-13-2023/
october-13-2023,ispt0187e,156,https://airwars.org/civilian-casualties/ispt0187e-october-13-2023/
october-13-2023,ispt0187f,157,https://airwars.org/civilian-casualties/ispt0187f-october-13-2023/
october-13-2023,ispt0181,158,https://airwars.org/civilian-casualties/ispt0181-october-13-2023/
october-13-2023,ispt0182,159,https://airwars.org/civilian-casualties/ispt0182-october-13-2023/
october-13-2023,ispt0187gc,160,https://airwars.org/civilian-casualties/ispt0187gc-october-13-2023/
october-13-2023,ispt0175,161,https://airwars.org/civilian-casualties/ispt0175-october-13-2023/
october-13-2023,ispt0178a,162,https://airwars.org/civilian-casualties/ispt0178a-october-13-2023/
october-13-2023,ispt0179,163,https://airwars.org/civilian-casualties/ispt0179-october-13-2023/
october-13-2023,ispt0179a,164,https://airwars.org/civilian-casualties/ispt0179a-october-13-2023/
october-13-2023,ispt0183,165,https://airwars.org/civilian-casualties/ispt0183-october-13-2023/
october-13-2023,ispt0184,166,https://airwars.org/civilian-casualties/ispt0184-october-13-2023/
october-13-2023,ispt0185,167,https://airwars.org/civilian-casualties/ispt0185-october-13-2023/
october-13-2023,ispt0186,168,https://airwars.org/civilian-casualties/ispt0186-october-13-2023/
october-13-2023,ispt0187b,169,https://airwars.org/civilian-casualties/ispt0187b-october-13-2023/
october-13-2023,ispt0174,170,https://airwars.org/civilian-casualties/ispt0174-october-13-2023/
october-13-2023,ispt0187,171,https://airwars.org/civilian-casualties/ispt0187-october-13-2023/
october-14-2023,ispt0241d,172,https://airwars.org/civilian-casualties/ispt0241d-october-14-2023/
october-14-2023,ispt0241a,173,https://airwars.org/civilian-casualties/ispt0241a-october-14-2023/
october-14-2023,ispt0194,174,https://airwars.org/civilian-casualties/ispt0194-october-14-2023/
october-14-2023,ispt0189,175,https://airwars.org/civilian-casualties/ispt0189-october-14-2023/
october-14-2023,ispt0200,176,https://airwars.org/civilian-casualties/ispt0200-october-14-2023/
october-14-2023,ispt0261,177,https://airwars.org/civilian-casualties/ispt0261-october-14-2023/
october-14-2023,ispt0241,178,https://airwars.org/civilian-casualties/ispt0241-october-14-2023/
october-14-2023,ispt0190,179,https://airwars.org/civilian-casualties/ispt0190-october-14-2023/
october-14-2023,ispt0192,180,https://airwars.org/civilian-casualties/ispt0192-october-14-2023/
october-14-2023,ispt0189a,181,https://airwars.org/civilian-casualties/ispt0189a-october-14-2023/
october-14-2023,ispt0193,182,https://airwars.org/civilian-casualties/ispt0193-october-14-2023/
october-14-2023,ispt0196,183,https://airwars.org/civilian-casualties/ispt0196-october-14-2023/
october-14-2023,ispt0200c,184,https://airwars.org/civilian-casualties/ispt0200c-october-14-2023/
october-14-2023,ispt0200b,185,https://airwars.org/civilian-casualties/ispt0200b-october-14-2023/
october-14-2023,ispt0199,186,https://airwars.org/civilian-casualties/ispt0199-october-14-2023/
october-14-2023,ispt0191,187,https://airwars.org/civilian-casualties/ispt0191-october-14-2023/
october-14-2023,ispt0195,188,https://airwars.org/civilian-casualties/ispt0195-october-14-2023/
october-14-2023,ispt0188,189,https://airwars.org/civilian-casualties/ispt0188-october-14-2023/
october-14-2023,ispt0197,190,https://airwars.org/civilian-casualties/ispt0197-october-14-2023/
october-15-2023,ispt0222a,191,https://airwars.org/civilian-casualties/ispt0222a-october-15-2023/
october-15-2023,ispt0239b,192,https://airwars.org/civilian-casualties/ispt0239b-october-15-2023/
october-15-2023,ispt0200a,193,https://airwars.org/civilian-casualties/ispt0200a-october-15-2023/
october-15-2023,ispt0205,194,https://airwars.org/civilian-casualties/ispt0205-october-15-2023/
october-15-2023,ispt0222,195,https://airwars.org/civilian-casualties/ispt0222-october-15-2023/
october-15-2023,ispt0215,196,https://airwars.org/civilian-casualties/ispt0215-october-15-2023/
october-15-2023,ispt0219,197,https://airwars.org/civilian-casualties/ispt0219-october-15-2023/
october-15-2023,ispt0220,198,https://airwars.org/civilian-casualties/ispt0220-october-15-2023/
october-15-2023,ispt0221,199,https://airwars.org/civilian-casualties/ispt0221-october-15-2023/
october-15-2023,ispt0230,200,https://airwars.org/civilian-casualties/ispt0230-october-15-2023/
october-15-2023,ispt0213,201,https://airwars.org/civilian-casualties/ispt0213-october-15-2023/
october-15-2023,ispt0223,202,https://airwars.org/civilian-casualties/ispt0223-october-15-2023/
october-15-2023,ispt0208,203,https://airwars.org/civilian-casualties/ispt0208-october-15-2023/
october-15-2023,ispt0201,204,https://airwars.org/civilian-casualties/ispt0201-october-15-2023/
october-15-2023,ispt0226,205,https://airwars.org/civilian-casualties/ispt0226-october-15-2023/
october-15-2023,ispt0227,206,https://airwars.org/civilian-casualties/ispt0227-october-15-2023/
october-15-2023,ispt0229,207,https://airwars.org/civilian-casualties/ispt0229-october-15-2023/
october-15-2023,ispt0239a,208,https://airwars.org/civilian-casualties/ispt0239a-october-15-2023/
october-15-2023,ispt0239,209,https://airwars.org/civilian-casualties/ispt0239-october-15-2023/
october-15-2023,ispt0214,210,https://airwars.org/civilian-casualties/ispt0214-october-15-2023/
october-15-2023,ispt0218,211,https://airwars.org/civilian-casualties/ispt0218-october-15-2023/
october-15-2023,ispt0236a,212,https://airwars.org/civilian-casualties/ispt0236a-october-15-2023/
october-15-2023,ispt0235,213,https://airwars.org/civilian-casualties/ispt0235-october-15-2023/
october-15-2023,ispt0231,214,https://airwars.org/civilian-casualties/ispt0231-october-15-2023/
october-16-2023,ispt0240,215,https://airwars.org/civilian-casualties/ispt0240-october-16-2023/
october-16-2023,ispt0266,216,https://airwars.org/civilian-casualties/ispt0266-october-16-2023/
october-16-2023,ispt0245,217,https://airwars.org/civilian-casualties/ispt0245-october-16-2023/
october-16-2023,ispt0247,218,https://airwars.org/civilian-casualties/ispt0247-october-16-2023/
october-16-2023,ispt0254,219,https://airwars.org/civilian-casualties/ispt0254-october-16-2023/
october-16-2023,ispt0262,220,https://airwars.org/civilian-casualties/ispt0262-october-16-2023/
october-16-2023,ispt0264,221,https://airwars.org/civilian-casualties/ispt0264-october-16-2023/
october-16-2023,ispt0267,222,https://airwars.org/civilian-casualties/ispt0267-october-16-2023/
october-16-2023,ispt0275,223,https://airwars.org/civilian-casualties/ispt0275-october-16-2023/
october-16-2023,ispt0253,224,https://airwars.org/civilian-casualties/ispt0253-october-16-2023/
october-16-2023,ispt0243,225,https://airwars.org/civilian-casualties/ispt0243-october-16-2023/
october-16-2023,ispt0269,226,https://airwars.org/civilian-casualties/ispt0269-october-16-2023/
october-16-2023,ispt0255,227,https://airwars.org/civilian-casualties/ispt0255-october-16-2023/
october-16-2023,ispt0256,228,https://airwars.org/civilian-casualties/ispt0256-october-16-2023/
october-16-2023,ispt0260,229,https://airwars.org/civilian-casualties/ispt0260-october-16-2023/
october-16-2023,ispt0244,230,https://airwars.org/civilian-casualties/ispt0244-october-16-2023/
october-16-2023,ispt0238,231,https://airwars.org/civilian-casualties/ispt0238-october-16-2023/
october-16-2023,ispt0242,232,https://airwars.org/civilian-casualties/ispt0242-october-16-2023/
october-16-2023,ispt0248,233,https://airwars.org/civilian-casualties/ispt0248-october-16-2023/
october-16-2023,ispt0268,234,https://airwars.org/civilian-casualties/ispt0268-october-16-2023/
october-17-2023,ispt0280,235,https://airwars.org/civilian-casualties/ispt0280-october-17-2023/
october-17-2023,ispt0345,236,https://airwars.org/civilian-casualties/ispt0345-october-17-2023/
october-17-2023,ispt0332g,237,https://airwars.org/civilian-casualties/ispt0332g-october-17-2023/
october-17-2023,ispt0332a,238,https://airwars.org/civilian-casualties/ispt0332a-october-17-2023/
october-17-2023,ispt0332b,239,https://airwars.org/civilian-casualties/ispt0332b-october-17-2023/
october-17-2023,ispt0312,240,https://airwars.org/civilian-casualties/ispt0312-october-17-2023/
october-17-2023,ispt0288,241,https://airwars.org/civilian-casualties/ispt0288-october-17-2023/
october-17-2023,ispt0301,242,https://airwars.org/civilian-casualties/ispt0301-october-17-2023/
october-17-2023,ispt0302,243,https://airwars.org/civilian-casualties/ispt0302-october-17-2023/
october-17-2023,ispt0285,244,https://airwars.org/civilian-casualties/ispt0285-october-17-2023/
october-17-2023,ispt0303,245,https://airwars.org/civilian-casualties/ispt0303-october-17-2023/
october-17-2023,ispt0306,246,https://airwars.org/civilian-casualties/ispt0306-october-17-2023/
october-17-2023,ispt0307,247,https://airwars.org/civilian-casualties/ispt0307-october-17-2023/
october-17-2023,ispt0300,248,https://airwars.org/civilian-casualties/ispt0300-october-17-2023/
october-17-2023,ispt0286,249,https://airwars.org/civilian-casualties/ispt0286-october-17-2023/
october-17-2023,ispt0289,250,https://airwars.org/civilian-casualties/ispt0289-october-17-2023/
october-17-2023,ispt0295,251,https://airwars.org/civilian-casualties/ispt0295-october-17-2023/
october-17-2023,ispt0297,252,https://airwars.org/civilian-casualties/ispt0297-october-17-2023/
october-17-2023,ispt0283,253,https://airwars.org/civilian-casualties/ispt0283-october-17-2023/
october-17-2023,ispt0298,254,https://airwars.org/civilian-casualties/ispt0298-october-17-2023/
october-17-2023,ispt0287,255,https://airwars.org/civilian-casualties/ispt0287-october-17-2023/
october-17-2023,ispt0299,256,https://airwars.org/civilian-casualties/ispt0299-october-17-2023/
october-17-2023,ispt0296,257,https://airwars.org/civilian-casualties/ispt0296-october-17-2023/
october-17-2023,ispt0310,258,https://airwars.org/civilian-casualties/ispt0310-october-17-2023/
october-17-2023,ispt0284,259,https://airwars.org/civilian-casualties/ispt0284-october-17-2023/
october-17-2023,ispt0293,260,https://airwars.org/civilian-casualties/ispt0293-october-17-2023/
october-17-2023,ispt0294,261,https://airwars.org/civilian-casualties/ispt0294-october-17-2023/
october-17-2023,ispt0279,262,https://airwars.org/civilian-casualties/ispt0279-october-17-2023/
october-17-2023,ispt0282,263,https://airwars.org/civilian-casualties/ispt0282-october-17-2023/
october-17-2023,ispt0290,264,https://airwars.org/civilian-casualties/ispt0290-october-17-2023/
october-18-2023,ispt0359c,265,https://airwars.org/civilian-casualties/ispt0359c-october-18-2023/
october-18-2023,ispt0346,266,https://airwars.org/civilian-casualties/ispt0346-october-18-2023/
october-18-2023,ispt0357,267,https://airwars.org/civilian-casualties/ispt0357-october-18-2023/
october-18-2023,ispt0358,268,https://airwars.org/civilian-casualties/ispt0358-october-18-2023/
october-18-2023,ispt0359,269,https://airwars.org/civilian-casualties/ispt0359-october-18-2023/
october-18-2023,ispt0343,270,https://airwars.org/civilian-casualties/ispt0343-october-18-2023/
october-18-2023,ispt0350,271,https://airwars.org/civilian-casualties/ispt0350-october-18-2023/
october-18-2023,ispt0351,272,https://airwars.org/civilian-casualties/ispt0351-october-18-2023/
october-18-2023,ispt0353,273,https://airwars.org/civilian-casualties/ispt0353-october-18-2023/
october-18-2023,ispt0354,274,https://airwars.org/civilian-casualties/ispt0354-october-18-2023/
october-18-2023,ispt0320,275,https://airwars.org/civilian-casualties/ispt0320-october-18-2023/
october-18-2023,ispt0336,276,https://airwars.org/civilian-casualties/ispt0336-october-18-2023/
october-18-2023,ispt0322,277,https://airwars.org/civilian-casualties/ispt0322-october-18-2023/
october-18-2023,ispt0337,278,https://airwars.org/civilian-casualties/ispt0337-october-18-2023/
october-18-2023,ispt0339,279,https://airwars.org/civilian-casualties/ispt0339-october-18-2023/
october-18-2023,ispt0342,280,https://airwars.org/civilian-casualties/ispt0342-october-18-2023/
october-18-2023,ispt0344,281,https://airwars.org/civilian-casualties/ispt0344-october-18-2023/
october-18-2023,ispt0352,282,https://airwars.org/civilian-casualties/ispt0352-october-18-2023/
october-18-2023,ispt0331,283,https://airwars.org/civilian-casualties/ispt0331-october-18-2023/
october-18-2023,ispt0334,284,https://airwars.org/civilian-casualties/ispt0334-october-18-2023/
october-18-2023,ispt0355,285,https://airwars.org/civilian-casualties/ispt0355-october-18-2023/
october-18-2023,ispt0327,286,https://airwars.org/civilian-casualties/ispt0327-october-18-2023/
october-18-2023,ispt0317,287,https://airwars.org/civilian-casualties/ispt0317-october-18-2023/
october-18-2023,ispt0319,288,https://airwars.org/civilian-casualties/ispt0319-october-18-2023/
october-18-2023,ispt0329,289,https://airwars.org/civilian-casualties/ispt0329-october-18-2023/
october-18-2023,ispt0347,290,https://airwars.org/civilian-casualties/ispt0347-october-18-2023/
october-18-2023,ispt0321,291,https://airwars.org/civilian-casualties/ispt0321-october-18-2023/
october-18-2023,ispt0323,292,https://airwars.org/civilian-casualties/ispt0323-october-18-2023/
october-18-2023,ispt0318,293,https://airwars.org/civilian-casualties/ispt0318-october-18-2023/
october-18-2023,ispt0324,294,https://airwars.org/civilian-casualties/ispt0324-october-18-2023/
october-19-2023,ispt0376,295,https://airwars.org/civilian-casualties/ispt0376-october-19-2023/
october-19-2023,ispt0380,296,https://airwars.org/civilian-casualties/ispt0380-october-19-2023/
october-19-2023,ispt0381,297,https://airwars.org/civilian-casualties/ispt0381-october-19-2023/
october-19-2023,ispt0374,298,https://airwars.org/civilian-casualties/ispt0374-october-19-2023/
october-19-2023,ispt0379,299,https://airwars.org/civilian-casualties/ispt0379-october-19-2023/
october-19-2023,ispt0382,300,https://airwars.org/civilian-casualties/ispt0382-october-19-2023/
october-19-2023,ispt0377,301,https://airwars.org/civilian-casualties/ispt0377-october-19-2023/
october-19-2023,ispt0384,302,https://airwars.org/civilian-casualties/ispt0384-october-19-2023/
october-19-2023,ispt0385,303,https://airwars.org/civilian-casualties/ispt0385-october-19-2023/
october-19-2023,ispt0371,304,https://airwars.org/civilian-casualties/ispt0371-october-19-2023/
october-19-2023,ispt0386,305,https://airwars.org/civilian-casualties/ispt0386-october-19-2023/
october-19-2023,ispt0389,306,https://airwars.org/civilian-casualties/ispt0389-october-19-2023/
october-19-2023,ispt0392e,307,https://airwars.org/civilian-casualties/ispt0392e-october-19-2023/
october-19-2023,ispt0383,308,https://airwars.org/civilian-casualties/ispt0383-october-19-2023/
october-19-2023,ispt0361,309,https://airwars.org/civilian-casualties/ispt0361-october-19-2023/
october-19-2023,ispt0363,310,https://airwars.org/civilian-casualties/ispt0363-october-19-2023/
october-19-2023,ispt0364,311,https://airwars.org/civilian-casualties/ispt0364-october-19-2023/
october-19-2023,ispt0368,312,https://airwars.org/civilian-casualties/ispt0368-october-19-2023/
october-19-2023,ispt0369,313,https://airwars.org/civilian-casualties/ispt0369-october-19-2023/
october-19-2023,ispt0365,314,https://airwars.org/civilian-casualties/ispt0365-october-19-2023/
october-19-2023,ispt0378,315,https://airwars.org/civilian-casualties/ispt0378-october-19-2023/
october-19-2023,ispt0360,316,https://airwars.org/civilian-casualties/ispt0360-october-19-2023/
october-19-2023,ispt0333,317,https://airwars.org/civilian-casualties/ispt0333-october-19-2023/
october-19-2023,ispt0404,318,https://airwars.org/civilian-casualties/ispt0404-october-19-2023/
october-19-2023,ispt0372,319,https://airwars.org/civilian-casualties/ispt0372-october-19-2023/
october-20-2023,ispt0394,320,https://airwars.org/civilian-casualties/ispt0394-october-20-2023/
october-19-2023,ispt0366,321,https://airwars.org/civilian-casualties/ispt0366-october-19-2023/
october-20-2023,ispt0396,322,https://airwars.org/civilian-casualties/ispt0396-october-20-2023/
october-20-2023,ispt0402,323,https://airwars.org/civilian-casualties/ispt0402-october-20-2023/
october-20-2023,ispt0415b,324,https://airwars.org/civilian-casualties/ispt0415b-october-20-2023/
october-20-2023,ispt0395,325,https://airwars.org/civilian-casualties/ispt0395-october-20-2023/
october-20-2023,ispt0397,326,https://airwars.org/civilian-casualties/ispt0397-october-20-2023/
october-20-2023,ispt0398,327,https://airwars.org/civilian-casualties/ispt0398-october-20-2023/
october-20-2023,ispt0403,328,https://airwars.org/civilian-casualties/ispt0403-october-20-2023/
october-20-2023,ispt0409,329,https://airwars.org/civilian-casualties/ispt0409-october-20-2023/
october-20-2023,ispt0411,330,https://airwars.org/civilian-casualties/ispt0411-october-20-2023/
october-20-2023,ispt0414,331,https://airwars.org/civilian-casualties/ispt0414-october-20-2023/
october-20-2023,ispt0415,332,https://airwars.org/civilian-casualties/ispt0415-october-20-2023/
october-20-2023,ispt0415a,333,https://airwars.org/civilian-casualties/ispt0415a-october-20-2023/
october-20-2023,ispt0392d,334,https://airwars.org/civilian-casualties/ispt0392d-october-20-2023/
october-20-2023,ispt0393,335,https://airwars.org/civilian-casualties/ispt0393-october-20-2023/
october-20-2023,ispt0392,336,https://airwars.org/civilian-casualties/ispt0392-october-20-2023/
october-20-2023,ispt0413,337,https://airwars.org/civilian-casualties/ispt0413-october-20-2023/
october-20-2023,ispt0392a,338,https://airwars.org/civilian-casualties/ispt0392a-october-20-2023/
october-20-2023,ispt0401,339,https://airwars.org/civilian-casualties/ispt0401-october-20-2023/
october-20-2023,ispt0405,340,https://airwars.org/civilian-casualties/ispt0405-october-20-2023/
october-20-2023,ispt0412,341,https://airwars.org/civilian-casualties/ispt0412-october-20-2023/
october-20-2023,ispt0406,342,https://airwars.org/civilian-casualties/ispt0406-october-20-2023/
october-20-2023,ispt0407,343,https://airwars.org/civilian-casualties/ispt0407-october-20-2023/
october-20-2023,ispt0392b,344,https://airwars.org/civilian-casualties/ispt0392b-october-20-2023/
october-20-2023,ispt0392c,345,https://airwars.org/civilian-casualties/ispt0392c-october-20-2023/
october-20-2023,ispt0415c,346,https://airwars.org/civilian-casualties/ispt0415c-october-20-2023/
october-21-2023,ispt0434,347,https://airwars.org/civilian-casualties/ispt0434-october-21-2023/
october-21-2023,ispt0429,348,https://airwars.org/civilian-casualties/ispt0429-october-21-2023/
october-21-2023,ispt0447,349,https://airwars.org/civilian-casualties/ispt0447-october-21-2023/
october-21-2023,ispt0438,350,https://airwars.org/civilian-casualties/ispt0438-october-21-2023/
october-21-2023,ispt0439b,351,https://airwars.org/civilian-casualties/ispt0439b-october-21-2023/
october-21-2023,ispt0428,352,https://airwars.org/civilian-casualties/ispt0428-october-21-2023/
october-21-2023,ispt0434b,353,https://airwars.org/civilian-casualties/ispt0434b-october-21-2023/
october-21-2023,ispt0441,354,https://airwars.org/civilian-casualties/ispt0441-october-21-2023/
october-21-2023,ispt0442,355,https://airwars.org/civilian-casualties/ispt0442-october-21-2023/
october-21-2023,ispt0424,356,https://airwars.org/civilian-casualties/ispt0424-october-21-2023/
october-21-2023,ispt0427,357,https://airwars.org/civilian-casualties/ispt0427-october-21-2023/
october-21-2023,ispt0445,358,https://airwars.org/civilian-casualties/ispt0445-october-21-2023/
october-21-2023,ispt0446,359,https://airwars.org/civilian-casualties/ispt0446-october-21-2023/
october-21-2023,ispt0437,360,https://airwars.org/civilian-casualties/ispt0437-october-21-2023/
october-21-2023,ispt0439,361,https://airwars.org/civilian-casualties/ispt0439-october-21-2023/
october-21-2023,ispt0439a,362,https://airwars.org/civilian-casualties/ispt0439a-october-21-2023/
october-21-2023,ispt0420,363,https://airwars.org/civilian-casualties/ispt0420-october-21-2023/
october-21-2023,ispt0421,364,https://airwars.org/civilian-casualties/ispt0421-october-21-2023/
october-21-2023,ispt0422a,365,https://airwars.org/civilian-casualties/ispt0422a-october-21-2023/
october-21-2023,ispt0422c,366,https://airwars.org/civilian-casualties/ispt0422c-october-21-2023/
october-21-2023,ispt0422d,367,https://airwars.org/civilian-casualties/ispt0422d-october-21-2023/
october-21-2023,ispt0423,368,https://airwars.org/civilian-casualties/ispt0423-october-21-2023/
october-21-2023,ispt0417,369,https://airwars.org/civilian-casualties/ispt0417-october-21-2023/
october-21-2023,ispt0418,370,https://airwars.org/civilian-casualties/ispt0418-october-21-2023/
october-21-2023,ispt0422b,371,https://airwars.org/civilian-casualties/ispt0422b-october-21-2023/
october-21-2023,ispt0419,372,https://airwars.org/civilian-casualties/ispt0419-october-21-2023/
october-21-2023,ispt0431,373,https://airwars.org/civilian-casualties/ispt0431-october-21-2023/
october-21-2023,ispt0433,374,https://airwars.org/civilian-casualties/ispt0433-october-21-2023/
october-21-2023,ispt0440,375,https://airwars.org/civilian-casualties/ispt0440-october-21-2023/
october-21-2023,ispt0443,376,https://airwars.org/civilian-casualties/ispt0443-october-21-2023/
october-22-2023,ispt0474,377,https://airwars.org/civilian-casualties/ispt0474-october-22-2023/
october-22-2023,ispt0466,378,https://airwars.org/civilian-casualties/ispt0466-october-22-2023/
october-22-2023,ispt0467,379,https://airwars.org/civilian-casualties/ispt0467-october-22-2023/
october-22-2023,ispt0488,380,https://airwars.org/civilian-casualties/ispt0488-october-22-2023/
october-22-2023,ispt0463,381,https://airwars.org/civilian-casualties/ispt0463-october-22-2023/
october-22-2023,ispt0457,382,https://airwars.org/civilian-casualties/ispt0457-october-22-2023/
october-22-2023,ispt0458,383,https://airwars.org/civilian-casualties/ispt0458-october-22-2023/
october-22-2023,ispt0459,384,https://airwars.org/civilian-casualties/ispt0459-october-22-2023/
october-22-2023,ispt0482,385,https://airwars.org/civilian-casualties/ispt0482-october-22-2023/
october-22-2023,ispt0449,386,https://airwars.org/civilian-casualties/ispt0449-october-22-2023/
october-22-2023,ispt0450,387,https://airwars.org/civilian-casualties/ispt0450-october-22-2023/
october-22-2023,ispt0451,388,https://airwars.org/civilian-casualties/ispt0451-october-22-2023/
october-22-2023,ispt0452,389,https://airwars.org/civilian-casualties/ispt0452-october-22-2023/
october-22-2023,ispt0453,390,https://airwars.org/civilian-casualties/ispt0453-october-22-2023/
october-22-2023,ispt0455,391,https://airwars.org/civilian-casualties/ispt0455-october-22-2023/
october-22-2023,ispt0456,392,https://airwars.org/civilian-casualties/ispt0456-october-22-2023/
october-22-2023,ispt0461,393,https://airwars.org/civilian-casualties/ispt0461-october-22-2023/
october-22-2023,ispt0462,394,https://airwars.org/civilian-casualties/ispt0462-october-22-2023/
october-22-2023,ispt0476,395,https://airwars.org/civilian-casualties/ispt0476-october-22-2023/
october-22-2023,ispt0464,396,https://airwars.org/civilian-casualties/ispt0464-october-22-2023/
october-22-2023,ispt0454,397,https://airwars.org/civilian-casualties/ispt0454-october-22-2023/
october-22-2023,ispt0479,398,https://airwars.org/civilian-casualties/ispt0479-october-22-2023/
october-22-2023,ispt0480,399,https://airwars.org/civilian-casualties/ispt0480-october-22-2023/
october-22-2023,ispt0468,400,https://airwars.org/civilian-casualties/ispt0468-october-22-2023/
october-22-2023,ispt0481,401,https://airwars.org/civilian-casualties/ispt0481-october-22-2023/
october-22-2023,ispt0469,402,https://airwars.org/civilian-casualties/ispt0469-october-22-2023/
october-22-2023,ispt0470,403,https://airwars.org/civilian-casualties/ispt0470-october-22-2023/
october-22-2023,ispt0483,404,https://airwars.org/civilian-casualties/ispt0483-october-22-2023/
october-22-2023,ispt0471,405,https://airwars.org/civilian-casualties/ispt0471-october-22-2023/
october-22-2023,ispt0491,406,https://airwars.org/civilian-casualties/ispt0491-october-22-2023/
october-23-2023,ispt0521,407,https://airwars.org/civilian-casualties/ispt0521-october-23-2023/
october-23-2023,ispt0517,408,https://airwars.org/civilian-casualties/ispt0517-october-23-2023/
october-23-2023,ispt0523,409,https://airwars.org/civilian-casualties/ispt0523-october-23-2023/
october-23-2023,ispt0515,410,https://airwars.org/civilian-casualties/ispt0515-october-23-2023/
october-23-2023,ispt0499,411,https://airwars.org/civilian-casualties/ispt0499-october-23-2023/
october-23-2023,ispt0519,412,https://airwars.org/civilian-casualties/ispt0519-october-23-2023/
october-23-2023,ispt0520,413,https://airwars.org/civilian-casualties/ispt0520-october-23-2023/
october-23-2023,ispt0516,414,https://airwars.org/civilian-casualties/ispt0516-october-23-2023/
october-23-2023,ispt0531,415,https://airwars.org/civilian-casualties/ispt0531-october-23-2023/
october-23-2023,ispt0532,416,https://airwars.org/civilian-casualties/ispt0532-october-23-2023/
october-23-2023,ispt0535,417,https://airwars.org/civilian-casualties/ispt0535-october-23-2023/
october-23-2023,ispt0506,418,https://airwars.org/civilian-casualties/ispt0506-october-23-2023/
october-23-2023,ispt0507,419,https://airwars.org/civilian-casualties/ispt0507-october-23-2023/
october-23-2023,ispt0518,420,https://airwars.org/civilian-casualties/ispt0518-october-23-2023/
october-23-2023,ispt0536e,421,https://airwars.org/civilian-casualties/ispt0536e-october-23-2023/
october-23-2023,ispt0524,422,https://airwars.org/civilian-casualties/ispt0524-october-23-2023/
october-23-2023,ispt0575,423,https://airwars.org/civilian-casualties/ispt0575-october-23-2023/
october-23-2023,ispt0497,424,https://airwars.org/civilian-casualties/ispt0497-october-23-2023/
october-23-2023,ispt0489,425,https://airwars.org/civilian-casualties/ispt0489-october-23-2023/
october-23-2023,ispt0498,426,https://airwars.org/civilian-casualties/ispt0498-october-23-2023/
october-23-2023,ispt0530,427,https://airwars.org/civilian-casualties/ispt0530-october-23-2023/
october-23-2023,ispt0500,428,https://airwars.org/civilian-casualties/ispt0500-october-23-2023/
october-23-2023,ispt0495,429,https://airwars.org/civilian-casualties/ispt0495-october-23-2023/
october-23-2023,ispt0496,430,https://airwars.org/civilian-casualties/ispt0496-october-23-2023/
october-23-2023,ispt0490,431,https://airwars.org/civilian-casualties/ispt0490-october-23-2023/
october-23-2023,ispt0513,432,https://airwars.org/civilian-casualties/ispt0513-october-23-2023/
october-23-2023,ispt0134g,433,https://airwars.org/civilian-casualties/ispt0134g-october-23-2023/
october-23-2023,ispt0504,434,https://airwars.org/civilian-casualties/ispt0504-october-23-2023/
october-23-2023,ispt0492,435,https://airwars.org/civilian-casualties/ispt0492-october-23-2023/
october-23-2023,ispt0494,436,https://airwars.org/civilian-casualties/ispt0494-october-23-2023/
october-24-2023,ispt0580,437,https://airwars.org/civilian-casualties/ispt0580-october-24-2023/
october-24-2023,ispt0583a,438,https://airwars.org/civilian-casualties/ispt0583a-october-24-2023/
october-24-2023,ispt0617,439,https://airwars.org/civilian-casualties/ispt0617-october-24-2023/
october-24-2023,ispt0578,440,https://airwars.org/civilian-casualties/ispt0578-october-24-2023/
october-24-2023,ispt0579,441,https://airwars.org/civilian-casualties/ispt0579-october-24-2023/
october-24-2023,ispt0583b,442,https://airwars.org/civilian-casualties/ispt0583b-october-24-2023/
october-24-2023,ispt0548,443,https://airwars.org/civilian-casualties/ispt0548-october-24-2023/
october-24-2023,ispt0552,444,https://airwars.org/civilian-casualties/ispt0552-october-24-2023/
october-24-2023,ispt0570,445,https://airwars.org/civilian-casualties/ispt0570-october-24-2023/
october-24-2023,ispt0571,446,https://airwars.org/civilian-casualties/ispt0571-october-24-2023/
october-24-2023,ispt0572,447,https://airwars.org/civilian-casualties/ispt0572-october-24-2023/
october-24-2023,ispt0573,448,https://airwars.org/civilian-casualties/ispt0573-october-24-2023/
october-24-2023,ispt0574,449,https://airwars.org/civilian-casualties/ispt0574-october-24-2023/
october-24-2023,ispt0576,450,https://airwars.org/civilian-casualties/ispt0576-october-24-2023/
october-24-2023,ispt0577,451,https://airwars.org/civilian-casualties/ispt0577-october-24-2023/
october-24-2023,ispt0542,452,https://airwars.org/civilian-casualties/ispt0542-october-24-2023/
october-24-2023,ispt0561,453,https://airwars.org/civilian-casualties/ispt0561-october-24-2023/
october-24-2023,ispt0543,454,https://airwars.org/civilian-casualties/ispt0543-october-24-2023/
october-24-2023,ispt0562,455,https://airwars.org/civilian-casualties/ispt0562-october-24-2023/
october-24-2023,ispt0544,456,https://airwars.org/civilian-casualties/ispt0544-october-24-2023/
october-24-2023,ispt0563,457,https://airwars.org/civilian-casualties/ispt0563-october-24-2023/
october-24-2023,ispt0564,458,https://airwars.org/civilian-casualties/ispt0564-october-24-2023/
october-24-2023,ispt0546,459,https://airwars.org/civilian-casualties/ispt0546-october-24-2023/
october-24-2023,ispt0565,460,https://airwars.org/civilian-casualties/ispt0565-october-24-2023/
october-24-2023,ispt0566,461,https://airwars.org/civilian-casualties/ispt0566-october-24-2023/
october-24-2023,ispt0549,462,https://airwars.org/civilian-casualties/ispt0549-october-24-2023/
october-24-2023,ispt0567,463,https://airwars.org/civilian-casualties/ispt0567-october-24-2023/
october-24-2023,ispt0550,464,https://airwars.org/civilian-casualties/ispt0550-october-24-2023/
october-24-2023,ispt0568,465,https://airwars.org/civilian-casualties/ispt0568-october-24-2023/
october-24-2023,ispt0551,466,https://airwars.org/civilian-casualties/ispt0551-october-24-2023/
october-25-2023,ispt0597,467,https://airwars.org/civilian-casualties/ispt0597-october-25-2023/
october-25-2023,ispt0624a,468,https://airwars.org/civilian-casualties/ispt0624a-october-25-2023/
october-25-2023,ispt0624,469,https://airwars.org/civilian-casualties/ispt0624-october-25-2023/
october-25-2023,ispt0613,470,https://airwars.org/civilian-casualties/ispt0613-october-25-2023/
october-25-2023,ispt0614,471,https://airwars.org/civilian-casualties/ispt0614-october-25-2023/
october-25-2023,ispt0615,472,https://airwars.org/civilian-casualties/ispt0615-october-25-2023/
october-25-2023,ispt0618,473,https://airwars.org/civilian-casualties/ispt0618-october-25-2023/
october-25-2023,ispt0619,474,https://airwars.org/civilian-casualties/ispt0619-october-25-2023/
october-25-2023,ispt0621,475,https://airwars.org/civilian-casualties/ispt0621-october-25-2023/
october-25-2023,ispt0623,476,https://airwars.org/civilian-casualties/ispt0623-october-25-2023/
october-25-2023,ispt0588,477,https://airwars.org/civilian-casualties/ispt0588-october-25-2023/
october-25-2023,ispt0593,478,https://airwars.org/civilian-casualties/ispt0593-october-25-2023/
october-25-2023,ispt0594,479,https://airwars.org/civilian-casualties/ispt0594-october-25-2023/
october-25-2023,ispt0595,480,https://airwars.org/civilian-casualties/ispt0595-october-25-2023/
october-25-2023,ispt0596,481,https://airwars.org/civilian-casualties/ispt0596-october-25-2023/
october-25-2023,ispt0589,482,https://airwars.org/civilian-casualties/ispt0589-october-25-2023/
october-25-2023,ispt0590,483,https://airwars.org/civilian-casualties/ispt0590-october-25-2023/
october-25-2023,ispt0587,484,https://airwars.org/civilian-casualties/ispt0587-october-25-2023/
october-25-2023,ispt0586,485,https://airwars.org/civilian-casualties/ispt0586-october-25-2023/
october-25-2023,ispt0584,486,https://airwars.org/civilian-casualties/ispt0584-october-25-2023/
october-25-2023,ispt0585,487,https://airwars.org/civilian-casualties/ispt0585-october-25-2023/
october-25-2023,ispt0591,488,https://airwars.org/civilian-casualties/ispt0591-october-25-2023/
october-25-2023,ispt0592,489,https://airwars.org/civilian-casualties/ispt0592-october-25-2023/
october-26-2023,ispt0636,490,https://airwars.org/civilian-casualties/ispt0636-october-26-2023/
october-26-2023,ispt0640,491,https://airwars.org/civilian-casualties/ispt0640-october-26-2023/
october-26-2023,ispt0634,492,https://airwars.org/civilian-casualties/ispt0634-october-26-2023/
october-26-2023,ispt0637,493,https://airwars.org/civilian-casualties/ispt0637-october-26-2023/
october-26-2023,ispt0639,494,https://airwars.org/civilian-casualties/ispt0639-october-26-2023/
october-26-2023,ispt0626,495,https://airwars.org/civilian-casualties/ispt0626-october-26-2023/
october-26-2023,ispt0627,496,https://airwars.org/civilian-casualties/ispt0627-october-26-2023/
october-26-2023,ispt0633,497,https://airwars.org/civilian-casualties/ispt0633-october-26-2023/
october-26-2023,ispt0638,498,https://airwars.org/civilian-casualties/ispt0638-october-26-2023/
october-26-2023,ispt0629,499,https://airwars.org/civilian-casualties/ispt0629-october-26-2023/
october-26-2023,ispt0628,500,https://airwars.org/civilian-casualties/ispt0628-october-26-2023/
october-27-2023,ispt0649,501,https://airwars.org/civilian-casualties/ispt0649-october-27-2023/
october-27-2023,ispt0646,502,https://airwars.org/civilian-casualties/ispt0646-october-27-2023/
october-27-2023,ispt0653,503,https://airwars.org/civilian-casualties/ispt0653-october-27-2023/
october-27-2023,ispt0658,504,https://airwars.org/civilian-casualties/ispt0658-october-27-2023/
october-27-2023,ispt0663,505,https://airwars.org/civilian-casualties/ispt0663-october-27-2023/
october-27-2023,ispt0652,506,https://airwars.org/civilian-casualties/ispt0652-october-27-2023/
october-27-2023,ispt0659,507,https://airwars.org/civilian-casualties/ispt0659-october-27-2023/
october-27-2023,ispt0661,508,https://airwars.org/civilian-casualties/ispt0661-october-27-2023/
october-27-2023,ispt0662,509,https://airwars.org/civilian-casualties/ispt0662-october-27-2023/
october-27-2023,ispt0664,510,https://airwars.org/civilian-casualties/ispt0664-october-27-2023/
october-27-2023,ispt0643,511,https://airwars.org/civilian-casualties/ispt0643-october-27-2023/
october-27-2023,ispt0648,512,https://airwars.org/civilian-casualties/ispt0648-october-27-2023/
october-27-2023,ispt0657,513,https://airwars.org/civilian-casualties/ispt0657-october-27-2023/
october-29-2023,ispt0722,514,https://airwars.org/civilian-casualties/ispt0722-october-29-2023/
october-29-2023,ispt0721,515,https://airwars.org/civilian-casualties/ispt0721-october-29-2023/
october-29-2023,ispt0719,516,https://airwars.org/civilian-casualties/ispt0719-october-29-2023/
october-29-2023,ispt0737,517,https://airwars.org/civilian-casualties/ispt0737-october-29-2023/
october-29-2023,ispt0738,518,https://airwars.org/civilian-casualties/ispt0738-october-29-2023/
october-29-2023,ispt0740,519,https://airwars.org/civilian-casualties/ispt0740-october-29-2023/
october-29-2023,ispt0716,520,https://airwars.org/civilian-casualties/ispt0716-october-29-2023/
october-29-2023,ispt0717,521,https://airwars.org/civilian-casualties/ispt0717-october-29-2023/
october-29-2023,ispt0718,522,https://airwars.org/civilian-casualties/ispt0718-october-29-2023/
october-29-2023,ispt0720,523,https://airwars.org/civilian-casualties/ispt0720-october-29-2023/
october-29-2023,ispt0739,524,https://airwars.org/civilian-casualties/ispt0739-october-29-2023/
october-29-2023,ispt0707,525,https://airwars.org/civilian-casualties/ispt0707-october-29-2023/
october-29-2023,ispt0708,526,https://airwars.org/civilian-casualties/ispt0708-october-29-2023/
october-29-2023,ispt0709,527,https://airwars.org/civilian-casualties/ispt0709-october-29-2023/
october-29-2023,ispt0710,528,https://airwars.org/civilian-casualties/ispt0710-october-29-2023/
october-29-2023,ispt0711,529,https://airwars.org/civilian-casualties/ispt0711-october-29-2023/
october-29-2023,ispt0714,530,https://airwars.org/civilian-casualties/ispt0714-october-29-2023/
october-29-2023,ispt0702,531,https://airwars.org/civilian-casualties/ispt0702-october-29-2023/
october-29-2023,ispt0704,532,https://airwars.org/civilian-casualties/ispt0704-october-29-2023/
october-29-2023,ispt0705,533,https://airwars.org/civilian-casualties/ispt0705-october-29-2023/
october-29-2023,ispt0701,534,https://airwars.org/civilian-casualties/ispt0701-october-29-2023/
october-29-2023,ispt0703,535,https://airwars.org/civilian-casualties/ispt0703-october-29-2023/
october-29-2023,ispt0700,536,https://airwars.org/civilian-casualties/ispt0700-october-29-2023/
october-29-2023,ispt0698,537,https://airwars.org/civilian-casualties/ispt0698-october-29-2023/
october-29-2023,ispt0699,538,https://airwars.org/civilian-casualties/ispt0699-october-29-2023/
october-30-2023,ispt0775a,539,https://airwars.org/civilian-casualties/ispt0775a-october-30-2023/
october-30-2023,ispt0761,540,https://airwars.org/civilian-casualties/ispt0761-october-30-2023/
october-30-2023,ispt0768,541,https://airwars.org/civilian-casualties/ispt0768-october-30-2023/
october-30-2023,ispt0771,542,https://airwars.org/civilian-casualties/ispt0771-october-30-2023/
october-30-2023,ispt0747,543,https://airwars.org/civilian-casualties/ispt0747-october-30-2023/
october-30-2023,ispt0749,544,https://airwars.org/civilian-casualties/ispt0749-october-30-2023/
october-30-2023,ispt0769,545,https://airwars.org/civilian-casualties/ispt0769-october-30-2023/
october-30-2023,ispt0775b,546,https://airwars.org/civilian-casualties/ispt0775b-october-30-2023/
october-30-2023,ispt0750,547,https://airwars.org/civilian-casualties/ispt0750-october-30-2023/
october-30-2023,ispt0753,548,https://airwars.org/civilian-casualties/ispt0753-october-30-2023/
october-30-2023,ispt0759,549,https://airwars.org/civilian-casualties/ispt0759-october-30-2023/
october-30-2023,ispt0774,550,https://airwars.org/civilian-casualties/ispt0774-october-30-2023/
october-30-2023,ispt0754,551,https://airwars.org/civilian-casualties/ispt0754-october-30-2023/
october-30-2023,ispt0760,552,https://airwars.org/civilian-casualties/ispt0760-october-30-2023/
october-31-2023,ispt0797,553,https://airwars.org/civilian-casualties/ispt0797-october-31-2023/
october-31-2023,ispt0777,554,https://airwars.org/civilian-casualties/ispt0777-october-31-2023/
october-31-2023,ispt0785,555,https://airwars.org/civilian-casualties/ispt0785-october-31-2023/
october-31-2023,ispt0786,556,https://airwars.org/civilian-casualties/ispt0786-october-31-2023/
october-31-2023,ispt0788,557,https://airwars.org/civilian-casualties/ispt0788-october-31-2023/
october-31-2023,ispt0789,558,https://airwars.org/civilian-casualties/ispt0789-october-31-2023/
october-31-2023,ispt0790,559,https://airwars.org/civilian-casualties/ispt0790-october-31-2023/
october-31-2023,ispt0795,560,https://airwars.org/civilian-casualties/ispt0795-october-31-2023/
october-31-2023,ispt0784,561,https://airwars.org/civilian-casualties/ispt0784-october-31-2023/
october-31-2023,ispt0783,562,https://airwars.org/civilian-casualties/ispt0783-october-31-2023/
november-1-2023,ispt0812,563,https://airwars.org/civilian-casualties/ispt0812-november-1-2023/
november-1-2023,ispt0805,564,https://airwars.org/civilian-casualties/ispt0805-november-1-2023/
november-1-2023,ispt0803,565,https://airwars.org/civilian-casualties/ispt0803-november-1-2023/
november-2-2023,ispt0836,566,https://airwars.org/civilian-casualties/ispt0836-november-2-2023/
november-2-2023,ispt0825,567,https://airwars.org/civilian-casualties/ispt0825-november-2-2023/
november-2-2023,ispt0826a,568,https://airwars.org/civilian-casualties/ispt0826a-november-2-2023/
november-2-2023,ispt0829,569,https://airwars.org/civilian-casualties/ispt0829-november-2-2023/
november-2-2023,ispt0830,570,https://airwars.org/civilian-casualties/ispt0830-november-2-2023/
november-2-2023,ispt0832,571,https://airwars.org/civilian-casualties/ispt0832-november-2-2023/
november-2-2023,ispt0838,572,https://airwars.org/civilian-casualties/ispt0838-november-2-2023/
november-2-2023,ispt0817,573,https://airwars.org/civilian-casualties/ispt0817-november-2-2023/
november-2-2023,ispt0823a,574,https://airwars.org/civilian-casualties/ispt0823a-november-2-2023/
november-2-2023,ispt0824,575,https://airwars.org/civilian-casualties/ispt0824-november-2-2023/
november-2-2023,ispt0828,576,https://airwars.org/civilian-casualties/ispt0828-november-2-2023/
november-2-2023,ispt0819,577,https://airwars.org/civilian-casualties/ispt0819-november-2-2023/
november-2-2023,ispt0821,578,https://airwars.org/civilian-casualties/ispt0821-november-2-2023/
november-4-2023,ispt0871,579,https://airwars.org/civilian-casualties/ispt0871-november-4-2023/
november-5-2023,ispt0905,580,https://airwars.org/civilian-casualties/ispt0905-november-5-2023/
november-6-2023,ispt0925,581,https://airwars.org/civilian-casualties/ispt0925-november-6-2023/
november-8-2023,ispt0984a,582,https://airwars.org/civilian-casualties/ispt0984a-november-8-2023/
november-10-2023,ispt1011,583,https://airwars.org/civilian-casualties/ispt1011-november-10-2023/
november-10-2023,ispt1023,584,https://airwars.org/civilian-casualties/ispt1023-november-10-2023/
november-13-2023,ispt1083,585,https://airwars.org/civilian-casualties/ispt1083-november-13-2023/
november-15-2023,ispt1135a,586,https://airwars.org/civilian-casualties/ispt1135a-november-15-2023/
november-15-2023,ispt1122,587,https://airwars.org/civilian-casualties/ispt1122-november-15-2023/
november-17-2023,ispt1177a,588,https://airwars.org/civilian-casualties/ispt1177a-november-17-2023/
november-18-2023,ispt1198,589,https://airwars.org/civilian-casualties/ispt1198-november-18-2023/
november-19-2023,ispt1224,590,https://airwars.org/civilian-casualties/ispt1224-november-19-2023/
november-20-2023,ispt1234,591,https://airwars.org/civilian-casualties/ispt1234-november-20-2023/
november-20-2023,ispt1238,592,https://airwars.org/civilian-casualties/ispt1238-november-20-2023/
december-1-2023,ispt1336,593,https://airwars.org/civilian-casualties/ispt1336-december-1-2023/
december-1-2023,ispt1345,594,https://airwars.org/civilian-casualties/ispt1345-december-1-2023/
december-1-2023,ispt1371,595,https://airwars.org/civilian-casualties/ispt1371-december-1-2023/
december-2-2023,ispt1390,596,https://airwars.org/civilian-casualties/ispt1390-december-2-2023/
december-2-2023,ispt1417a,597,https://airwars.org/civilian-casualties/ispt1417a-december-2-2023/
december-2-2023,ispt1410,598,https://airwars.org/civilian-casualties/ispt1410-december-2-2023/
december-2-2023,ispt1406,599,https://airwars.org/civilian-casualties/ispt1406-december-2-2023/
december-3-2023,ispt1437,600,https://airwars.org/civilian-casualties/ispt1437-december-3-2023/
december-5-2023,ispt1483,601,https://airwars.org/civilian-casualties/ispt1483-december-5-2023/
december-11-2023,ispt1669,602,https://airwars.org/civilian-casualties/ispt1669-december-11-2023/
december-12-2023,ispt1697b,603,https://airwars.org/civilian-casualties/ispt1697b-december-12-2023/
december-22-2023,ispt1880,604,https://airwars.org/civilian-casualties/ispt1880-december-22-2023/
december-22-2023,ispt1881a,605,https://airwars.org/civilian-casualties/ispt1881a-december-22-2023/
december-24-2023,ispt1923,606,https://airwars.org/civilian-casualties/ispt1923-december-24-2023/
december-28-2023,ispt281223a,607,https://airwars.org/civilian-casualties/ispt281223a-december-28-2023/
january-10-2024,ispt100124a,608,https://airwars.org/civilian-casualties/ispt100124a-january-10-2024/
january-10-2024,ispt100124b,609,https://airwars.org/civilian-casualties/ispt100124b-january-10-2024/
january-11-2024,ispt110124b,610,https://airwars.org/civilian-casualties/ispt110124b-january-11-2024/
january-17-2024,ispt170124n,611,https://airwars.org/civilian-casualties/ispt170124n-january-17-2024/
april-4-2024,ispt040424b,612,https://airwars.org/civilian-casualties/ispt040424b-april-4-2024/
may-11-2024,ispt110524z,613,https://airwars.org/civilian-casualties/ispt110524z-may-11-2024/
may-12-2024,ispt120524a,614,https://airwars.org/civilian-casualties/ispt120524a-may-12-2024/
may-12-2024,ispt120524j,615,https://airwars.org/civilian-casualties/ispt120524j-may-12-2024/
may-12-2024,ispt120524b,616,https://airwars.org/civilian-casualties/ispt120524b-may-12-2024/
may-12-2024,ispt120524k,617,https://airwars.org/civilian-casualties/ispt120524k-may-12-2024/
may-12-2024,ispt120524d,618,https://airwars.org/civilian-casualties/ispt120524d-may-12-2024/
may-12-2024,ispt120524e,619,https://airwars.org/civilian-casualties/ispt120524e-may-12-2024/
may-12-2024,ispt120524g,620,https://airwars.org/civilian-casualties/ispt120524g-may-12-2024/
may-12-2024,ispt120524h,621,https://airwars.org/civilian-casualties/ispt120524h-may-12-2024/
may-12-2024,ispt120524i,622,https://airwars.org/civilian-casualties/ispt120524i-may-12-2024/
may-12-2024,ispt120524c,623,https://airwars.org/civilian-casualties/ispt120524c-may-12-2024/
may-31-2024,ispt310524c,624,https://airwars.org/civilian-casualties/ispt310524c-may-31-2024/
june-7-2024,ispt070624k,625,https://airwars.org/civilian-casualties/ispt070624k-june-7-2024/
june-7-2024,ispt070624m,626,https://airwars.org/civilian-casualties/ispt070624m-june-7-2024/
june-7-2024,ispt070624l,627,https://airwars.org/civilian-casualties/ispt070624l-june-7-2024/
june-7-2024,ispt070624a,628,https://airwars.org/civilian-casualties/ispt070624a-june-7-2024/
june-7-2024,ispt070624f,629,https://airwars.org/civilian-casualties/ispt070624f-june-7-2024/
june-7-2024,ispt070624g,630,https://airwars.org/civilian-casualties/ispt070624g-june-7-2024/
june-7-2024,ispt070624h,631,https://airwars.org/civilian-casualties/ispt070624h-june-7-2024/
june-7-2024,ispt070624i,632,https://airwars.org/civilian-casualties/ispt070624i-june-7-2024/
june-7-2024,ispt070624b,633,https://airwars.org/civilian-casualties/ispt070624b-june-7-2024/
june-7-2024,ispt070624e,634,https://airwars.org/civilian-casualties/ispt070624e-june-7-2024/
june-21-2024,ispt210624d,635,https://airwars.org/civilian-casualties/ispt210624d-june-21-2024/
june-21-2024,ispt210624g,636,https://airwars.org/civilian-casualties/ispt210624g-june-21-2024/
june-21-2024,ispt210624i,637,https://airwars.org/civilian-casualties/ispt210624i-june-21-2024/
june-21-2024,ispt210624n,638,https://airwars.org/civilian-casualties/ispt210624n-june-21-2024/
june-21-2024,ispt210624o,639,https://airwars.org/civilian-casualties/ispt210624o-june-21-2024/
june-21-2024,ispt210624q,640,https://airwars.org/civilian-casualties/ispt210624q-june-21-2024/
june-21-2024,ispt210624h,641,https://airwars.org/civilian-casualties/ispt210624h-june-21-2024/
june-21-2024,ispt210624k,642,https://airwars.org/civilian-casualties/ispt210624k-june-21-2024/
july-7-2024,ispt070624n,643,https://airwars.org/civilian-casualties/ispt070624n-july-7-2024/
july-13-2024,ispt130724h,644,https://airwars.org/civilian-casualties/ispt130724h-july-13-2024/
july-13-2024,ispt130724e,645,https://airwars.org/civilian-casualties/ispt130724e-july-13-2024/
